sample_id,pheno1,pheno2
6163,,79.0
6154,,
8274,74.0,60.0
7192,,52.0
5782,,56.0
5784,,54.0
5758,,72.0
6073,,
6022,,99.0
6020,,93.0
8227,,
8225,,76.0
8230,97.0,86.0
5856,,98.0
8307,,
1409,,61.0
6959,51.0,76.0
7525,46.0,68.0
6961,46.0,62.0
6967,44.0,96.0
6973,53.0,76.0
6974,103.0,56.0
6976,56.0,52.0
7516,100.0,86.0
6979,44.0,81.0
6980,51.0,94.0
6982,49.0,75.0
6983,71.0,90.0
6985,56.0,59.0
6931,46.0,81.0
6043,90.0,56.0
6945,55.0,74.0
7519,76.0,71.0
7526,53.0,66.0
7523,57.0,69.0
6956,69.0,65.0
6960,47.0,72.0
7524,51.0,93.0
6963,60.0,79.0
6964,93.0,90.0
6965,102.0,78.0
6966,53.0,81.0
6969,70.0,96.0
6971,51.0,79.0
6975,51.0,65.0
7517,107.0,99.0
6978,49.0,66.0
6981,44.0,87.0
6984,53.0,76.0
6899,54.0,82.0
6903,57.0,79.0
6904,66.0,62.0
6905,65.0,93.0
6906,43.0,82.0
6909,51.0,78.0
6911,46.0,99.0
6916,63.0,87.0
8215,51.0,66.0
6921,64.0,82.0
6932,51.0,
6046,93.0,53.0
6944,49.0,73.0
7515,49.0,51.0
7514,58.0,52.0
6962,52.0,79.0
6968,71.0,57.0
6972,63.0,86.0
6970,48.0,99.0
6977,49.0,87.0
8329,46.0,69.0
7379,,
7080,,59.0
6744,,90.0
7098,,89.0
7158,,78.0
7163,57.0,77.0
7165,,
7340,,56.0
7372,,66.0
7394,,55.0
7397,,94.0
281,,70.0
8258,73.0,75.0
8259,73.0,
8290,50.0,87.0
7461,61.0,
7323,56.0,92.0
8254,52.0,74.0
8270,49.0,65.0
8233,59.0,68.0
8285,70.0,71.0
6016,75.0,77.0
8423,70.0,83.0
8237,97.0,
6040,71.0,66.0
6064,96.0,56.0
6957,84.0,91.0
8369,76.0,65.0
8247,87.0,73.0
8426,49.0,76.0
8428,,94.0
9058,101.0,59.0
8249,81.0,51.0
9057,76.0,89.0
7139,,56.0
7307,,60.0
7331,,90.0
7337,,81.0
7378,,80.0
7405,,57.0
66,,
149,,60.0
328,,69.0
334,,67.0
2274,,62.0
5753,,67.0
6709,52.0,93.0
7000,65.0,65.0
6989,,79.0
7031,,50.0
7062,46.0,88.0
7460,49.0,68.0
7123,59.5,75.0
7128,,85.0
7145,,86.0
7147,71.0,
7166,,91.0
7255,46.0,50.0
7275,46.0,
7258,,66.0
7291,,79.0
7310,,98.0
7330,,91.0
7333,,82.0
7411,,69.0
178,,50.0
378,,90.0
8241,73.0,77.0
6988,48.0,51.0
8256,61.0,81.0
8796,,96.0
8264,46.0,90.0
8265,44.0,68.0
8231,91.0,89.0
8271,49.0,63.0
6190,,62.0
8275,68.0,52.0
8420,56.0,56.0
8283,71.0,58.0
8284,61.0,72.0
6008,60.0,79.0
8422,106.0,56.0
8296,45.0,64.0
8297,73.0,64.0
8300,61.0,62.0
8235,60.0,77.0
8306,96.0,58.0
8310,49.0,59.0
8236,91.0,51.0
8311,49.0,76.0
8314,64.0,69.0
8239,52.0,98.0
8240,93.0,69.0
8323,51.0,76.0
8242,120.0,70.0
8325,49.0,51.0
8326,67.0,76.0
8222,90.0,65.0
8430,,80.0
6042,56.0,58.0
8335,104.0,63.0
8343,62.0,81.0
6074,91.0,54.0
8351,78.0,72.0
8353,41.0,
8354,70.0,82.0
7296,70.0,84.0
8365,51.0,56.0
8374,59.0,78.0
8376,84.0,59.0
8378,56.0,60.0
8412,,94.0
8387,52.0,70.0
8389,63.0,52.0
6243,56.0,64.0
7507,,60.0
7343,,91.0
6005,,57.0
5729,,90.0
5380,,67.0
5381,,58.0
5565,,51.0
7011,,94.0
7199,,57.0
7224,,57.0
7277,,79.0
7490,,84.0
7492,,84.0
7300,,76.0
7306,60.0,98.0
7408,,82.0
7418,63.0,51.0
5887,,50.0
5987,,51.0
173,,78.0
357,,90.0
258,,55.0
374,,59.0
94,,55.0
1859,,
6188,,79.0
5207,,78.0
6448,,68.0
8312,66.0,67.0
8313,49.0,74.0
8334,64.0,55.0
8337,70.0,99.0
8357,,67.0
8366,,74.0
8411,,91.0
8388,60.0,87.0
8395,69.0,83.0
7014,92.0,86.0
7035,,95.0
6810,,80.0
7498,,85.0
7506,,56.0
7390,,80.0
7284,,
7081,46.0,76.0
8243,66.0,76.0
8245,46.0,83.0
7033,76.0,51.0
2150,,95.0
100000,58.0,82.0
8266,99.0,75.0
6897,62.0,66.0
6898,41.0,
5837,57.0,59.0
6907,58.0,71.0
7438,75.0,80.0
6910,49.0,69.0
6913,99.0,56.0
6914,73.0,53.0
6918,108.0,70.0
6919,71.0,96.0
8214,51.0,58.0
6924,49.0,81.0
8424,46.0,91.0
6926,49.0,69.0
6928,55.0,64.0
6933,56.0,90.0
7520,60.0,
7521,60.0,55.0
6936,67.0,71.0
7522,83.0,54.0
6937,65.0,78.0
6939,49.0,
6900,90.0,77.0
6901,86.0,
6908,49.0,91.0
6009,98.0,86.0
6915,53.0,71.0
6917,121.0,64.0
6920,71.0,67.0
6922,48.0,70.0
6923,44.0,67.0
6927,51.0,63.0
6929,71.0,51.0
6930,49.0,76.0
6940,49.0,53.0
6942,46.0,90.0
6943,49.0,93.0
7518,103.0,72.0
6946,62.0,61.0
8213,44.0,60.0
6951,68.0,52.0
6958,49.0,71.0
7305,,81.0
7376,,59.0
