sample_id,trait1,trait2
8274,-0.7978293,0.5454184
8230,0.7198781,-0.40105817
6959,-0.40620905,-2.139746
7525,-0.5118299,-0.25818068
6961,1.964886,0.118206024
6967,0.058806837,0.2596538
6973,0.0909515,-0.9751653
6974,0.5894528,1.2931726
6976,-0.15637879,2.1757317
7516,1.1469468,-0.56387913
6979,-0.33985484,1.0513811
6980,-0.3958903,-0.76877457
6982,-0.8217679,-0.35156825
6983,0.22876547,1.2329832
6985,1.0060636,0.9134793
6931,0.545158,1.8013886
6043,0.78029215,0.14777526
6945,1.0225792,-0.6202352
7519,0.5150355,-0.13162214
7526,0.91552955,1.7369413
7523,0.7776362,1.4445369
6956,0.5654865,0.057323623
6960,0.032975376,-0.014069453
7524,0.54494786,1.4932084
6963,1.8676777,0.47803956
6964,-1.6440896,-1.0440158
6965,-0.09481781,0.59563404
6966,0.2741921,0.12145841
6969,0.11145833,0.0032105744
6971,0.36946332,0.8521778
6975,0.95536876,1.2771938
7517,0.07540393,0.09934272
6978,-2.24061,-1.7960106
6981,0.23876125,1.9114318
6984,0.6905075,0.046221912
6899,0.4956913,-1.4346576
6903,1.6540523,0.73933524
6904,-0.4805139,1.4507053
6905,0.9971634,1.789051
6906,-0.7710993,-0.060112357
6909,0.047946915,0.3353615
6911,-0.29392064,-0.5949949
6916,-0.3564126,-1.2071775
8215,-0.29857972,1.4224232
6921,1.1770121,0.2625965
6046,1.1185367,0.14034894
6944,0.14485836,-1.4110417
7515,1.4275832,1.4139222
7514,1.0287129,1.5935277
6962,1.9147093,0.9443702
6968,0.012913406,0.21803904
6972,-0.34923238,-2.049477
6970,-0.785841,0.080651924
6977,0.6711315,0.35555273
8329,-0.86075234,0.50762266
7163,-1.3505912,-0.7610984
8258,0.34538445,0.00820756
8290,-0.74982005,0.27765462
7323,2.73691,1.7871034
8254,-0.8381605,-0.013492078
8270,0.59399074,0.18226415
8233,0.79526055,1.9146622
8285,-0.45038888,0.015807614
6016,0.6280128,0.51892734
8423,0.68597925,0.969795
6040,0.04723978,-0.5145103
6064,1.2155738,0.312665
6957,0.80821836,-0.29092926
8369,-1.4376808,-2.7701514
8247,-0.19559179,-1.0970033
8426,0.9664081,1.1188301
9058,0.0042315274,1.1312275
8249,-0.12758604,0.03196828
9057,-0.82828176,0.5275255
6709,0.28315404,1.5673316
7000,1.1596987,-0.44907832
7062,1.5625232,0.06112939
7460,0.07479587,0.8418864
7123,0.5698465,1.3837985
7255,1.7118915,2.1018739
8241,2.4371328,0.4941668
6988,-1.0359113,-0.9887977
8256,-1.246442,-0.6919458
8264,0.6162149,0.68593705
8265,0.16537856,1.8721675
8231,-1.6299442,-1.3670667
8271,-0.6365516,0.2964673
8275,0.38039452,0.26188785
8420,-0.09288171,-0.3502741
8283,0.19895007,0.87317395
8284,-0.54423827,2.0483024
6008,-0.25236997,1.2006732
8422,1.245649,-0.85468715
8296,0.73213637,-0.6406954
8297,-0.8325218,0.8511734
8300,-0.14825103,-0.03669344
8235,1.700561,0.96787
8306,0.44483116,-1.1810834
8310,0.9734988,-0.5514522
8236,0.082051754,-0.93355215
8311,-0.33054,0.16726719
8314,0.62486935,-0.6168469
8239,-1.0704972,-2.0522046
8240,-0.10981423,-1.5436331
8323,-0.66811144,-0.86711574
8242,-0.6733513,0.8579253
8325,0.85789514,0.83613205
8326,0.60811263,-0.47799265
8222,-0.50409645,0.6716944
6042,-0.620966,-1.098786
8335,1.5437572,-0.69739866
8343,1.3925973,-0.9511591
6074,-1.2597144,0.24614108
8351,-0.72737086,-1.212528
8354,2.1377115,0.84109664
7296,-0.05329007,1.3003819
8365,-1.4553975,1.0116514
8374,0.39902455,1.0116991
8376,-1.711878,-0.81520504
8378,0.14847043,1.2381551
8387,-1.3624399,-2.0317292
8389,1.5660313,-0.44496536
6243,-0.4164323,-0.9238713
7306,0.9449572,0.21658057
7418,0.6320635,0.6795473
8312,0.59533924,-1.2681351
8313,1.8164432,0.6178724
8334,1.753633,3.25098
8337,-0.6564912,-0.45900735
8388,-0.41769478,-0.7327963
8395,-1.0764893,-1.5940826
7014,0.7125435,-0.7511905
7081,1.6993415,0.49482822
8243,-0.43974316,0.6735461
8245,0.1025078,0.7174603
7033,0.26518148,1.5762457
100000,0.34380984,1.3326946
8266,0.30398327,-2.4628468
6897,-1.4713926,-2.0778449
5837,1.3090694,1.2919953
6907,1.9679575,3.045683
7438,1.2637506,0.47710887
6910,-0.5619496,1.1513255
6913,0.696592,1.4611043
6914,-0.40797418,0.85351163
6918,0.6267888,-1.4157145
6919,1.8871193,0.06581211
8214,0.694635,2.4983947
6924,-1.0180805,0.41164556
8424,0.96497446,-0.22634292
6926,0.22321868,0.76421237
6928,0.9552435,2.567036
6933,0.04041417,0.28168666
7521,2.2238004,2.5469134
6936,-0.05791421,0.6331881
7522,-0.29686594,-0.38090008
6937,-0.7227195,0.47518992
6900,0.0113267,0.91173065
6908,0.77139723,2.3375685
6009,-0.12294653,0.19193006
6915,-1.32086,-0.8578831
6917,-0.12413938,-1.0782785
6920,0.7562375,0.55670893
6922,-2.001841,0.0038306117
6923,0.81662095,-0.44488093
6927,0.9110879,2.3538117
6929,-0.06406608,0.3083393
6930,0.2520433,1.9081038
6940,-0.31542233,0.41927996
6942,0.37192774,-1.1649585
6943,0.17707714,-0.042112418
7518,1.1089585,-0.858215
6946,-1.6320382,-0.28357378
8213,-1.2308694,1.1146779
6951,-0.12586662,-0.06791094
6958,-1.0789967,-0.38775766
